{
    "posts": [
        {
            "id": 1,
            "title": "Welcome to the Water Quality Community Forum",
            "author": "Admin",
            "content": "This is a space for community members to share observations and concerns about water quality in their areas. Please share your experiences and ask questions!",
            "date": "2025-04-20",
            "category": "Announcement",
            "comments": [
                {
                    "author": "WaterExpert",
                    "content": "Great to see this forum! Looking forward to the discussions.",
                    "date": "2025-04-21"
                }
            ]
        },
        {
            "id": 2,
            "title": "Unusual water color in Cape Town's Muizenberg Beach",
            "author": "CapeTownResident",
            "content": "Has anyone else noticed the strange greenish color of the water at Muizenberg lately? It seems to have started about a week ago and I'm concerned about safety for swimming.",
            "date": "2025-04-22",
            "category": "Observation",
            "comments": [
                {
                    "author": "MarineScientist",
                    "content": "This could be an algal bloom. It's best to avoid swimming until local authorities test the water. I'll check with the coastal management team.",
                    "date": "2025-04-22"
                },
                {
                    "author": "LocalSurfer",
                    "content": "I noticed this too! It seems to be spreading to St James as well.",
                    "date": "2025-04-23"
                }
            ]
        }
    ]
}